{
  "hash": "437bc8be",
  "configHash": "1a8289c8",
  "lockfileHash": "d45b104e",
  "browserHash": "b8a4b082",
  "optimized": {
    "@angular/cdk/bidi": {
      "src": "../../../../../../node_modules/@angular/cdk/fesm2022/bidi.mjs",
      "file": "@angular_cdk_bidi.js",
      "fileHash": "70e6f22d",
      "needsInterop": false
    },
    "@angular/cdk/scrolling": {
      "src": "../../../../../../node_modules/@angular/cdk/fesm2022/scrolling.mjs",
      "file": "@angular_cdk_scrolling.js",
      "fileHash": "84e7d2ef",
      "needsInterop": false
    },
    "@angular/cdk/text-field": {
      "src": "../../../../../../node_modules/@angular/cdk/fesm2022/text-field.mjs",
      "file": "@angular_cdk_text-field.js",
      "fileHash": "aba37db6",
      "needsInterop": false
    },
    "@angular/common": {
      "src": "../../../../../../node_modules/@angular/common/fesm2022/common.mjs",
      "file": "@angular_common.js",
      "fileHash": "455d7794",
      "needsInterop": false
    },
    "@angular/common/http": {
      "src": "../../../../../../node_modules/@angular/common/fesm2022/http.mjs",
      "file": "@angular_common_http.js",
      "fileHash": "2cb8069e",
      "needsInterop": false
    },
    "@angular/core": {
      "src": "../../../../../../node_modules/@angular/core/fesm2022/core.mjs",
      "file": "@angular_core.js",
      "fileHash": "0c0b2bd2",
      "needsInterop": false
    },
    "@angular/forms": {
      "src": "../../../../../../node_modules/@angular/forms/fesm2022/forms.mjs",
      "file": "@angular_forms.js",
      "fileHash": "1c27fda2",
      "needsInterop": false
    },
    "@angular/material/button": {
      "src": "../../../../../../node_modules/@angular/material/fesm2022/button.mjs",
      "file": "@angular_material_button.js",
      "fileHash": "1e896012",
      "needsInterop": false
    },
    "@angular/material/card": {
      "src": "../../../../../../node_modules/@angular/material/fesm2022/card.mjs",
      "file": "@angular_material_card.js",
      "fileHash": "6801e588",
      "needsInterop": false
    },
    "@angular/material/divider": {
      "src": "../../../../../../node_modules/@angular/material/fesm2022/divider.mjs",
      "file": "@angular_material_divider.js",
      "fileHash": "9b26af27",
      "needsInterop": false
    },
    "@angular/material/form-field": {
      "src": "../../../../../../node_modules/@angular/material/fesm2022/form-field.mjs",
      "file": "@angular_material_form-field.js",
      "fileHash": "6a7385f3",
      "needsInterop": false
    },
    "@angular/material/icon": {
      "src": "../../../../../../node_modules/@angular/material/fesm2022/icon.mjs",
      "file": "@angular_material_icon.js",
      "fileHash": "130064f4",
      "needsInterop": false
    },
    "@angular/material/input": {
      "src": "../../../../../../node_modules/@angular/material/fesm2022/input.mjs",
      "file": "@angular_material_input.js",
      "fileHash": "82360a2d",
      "needsInterop": false
    },
    "@angular/material/menu": {
      "src": "../../../../../../node_modules/@angular/material/fesm2022/menu.mjs",
      "file": "@angular_material_menu.js",
      "fileHash": "da10bcf5",
      "needsInterop": false
    },
    "@angular/material/progress-spinner": {
      "src": "../../../../../../node_modules/@angular/material/fesm2022/progress-spinner.mjs",
      "file": "@angular_material_progress-spinner.js",
      "fileHash": "8c7b7bb2",
      "needsInterop": false
    },
    "@angular/material/select": {
      "src": "../../../../../../node_modules/@angular/material/fesm2022/select.mjs",
      "file": "@angular_material_select.js",
      "fileHash": "aec8890b",
      "needsInterop": false
    },
    "@angular/material/snack-bar": {
      "src": "../../../../../../node_modules/@angular/material/fesm2022/snack-bar.mjs",
      "file": "@angular_material_snack-bar.js",
      "fileHash": "f7b44478",
      "needsInterop": false
    },
    "@angular/material/tabs": {
      "src": "../../../../../../node_modules/@angular/material/fesm2022/tabs.mjs",
      "file": "@angular_material_tabs.js",
      "fileHash": "334e8155",
      "needsInterop": false
    },
    "@angular/material/toolbar": {
      "src": "../../../../../../node_modules/@angular/material/fesm2022/toolbar.mjs",
      "file": "@angular_material_toolbar.js",
      "fileHash": "9595b6d7",
      "needsInterop": false
    },
    "@angular/platform-browser": {
      "src": "../../../../../../node_modules/@angular/platform-browser/fesm2022/platform-browser.mjs",
      "file": "@angular_platform-browser.js",
      "fileHash": "73200a5b",
      "needsInterop": false
    },
    "@angular/platform-browser/animations": {
      "src": "../../../../../../node_modules/@angular/platform-browser/fesm2022/animations.mjs",
      "file": "@angular_platform-browser_animations.js",
      "fileHash": "06c7d9b6",
      "needsInterop": false
    },
    "@angular/router": {
      "src": "../../../../../../node_modules/@angular/router/fesm2022/router.mjs",
      "file": "@angular_router.js",
      "fileHash": "801ed9bb",
      "needsInterop": false
    },
    "gsap": {
      "src": "../../../../../../node_modules/gsap/index.js",
      "file": "gsap.js",
      "fileHash": "cadd8a88",
      "needsInterop": false
    },
    "gsap/ScrollTrigger": {
      "src": "../../../../../../node_modules/gsap/ScrollTrigger.js",
      "file": "gsap_ScrollTrigger.js",
      "fileHash": "fc29fe3a",
      "needsInterop": false
    },
    "rxjs": {
      "src": "../../../../../../node_modules/rxjs/dist/esm5/index.js",
      "file": "rxjs.js",
      "fileHash": "7541010b",
      "needsInterop": false
    },
    "zone.js": {
      "src": "../../../../../../node_modules/zone.js/fesm2015/zone.js",
      "file": "zone__js.js",
      "fileHash": "8ea98b88",
      "needsInterop": true
    },
    "@angular/material/chips": {
      "src": "../../../../../../node_modules/@angular/material/fesm2022/chips.mjs",
      "file": "@angular_material_chips.js",
      "fileHash": "29206c1c",
      "needsInterop": false
    },
    "@angular/material/stepper": {
      "src": "../../../../../../node_modules/@angular/material/fesm2022/stepper.mjs",
      "file": "@angular_material_stepper.js",
      "fileHash": "6044c463",
      "needsInterop": false
    }
  },
  "chunks": {
    "chunk-XA3EVXH3": {
      "file": "chunk-XA3EVXH3.js"
    },
    "chunk-HULXF23J": {
      "file": "chunk-HULXF23J.js"
    },
    "chunk-RLRUANP6": {
      "file": "chunk-RLRUANP6.js"
    },
    "chunk-EM6VG6CS": {
      "file": "chunk-EM6VG6CS.js"
    },
    "chunk-FZZ3TDNL": {
      "file": "chunk-FZZ3TDNL.js"
    },
    "chunk-OKQXLHKH": {
      "file": "chunk-OKQXLHKH.js"
    },
    "chunk-7QNRB6CO": {
      "file": "chunk-7QNRB6CO.js"
    },
    "chunk-QYZ2RMA5": {
      "file": "chunk-QYZ2RMA5.js"
    },
    "chunk-UPXV2M74": {
      "file": "chunk-UPXV2M74.js"
    },
    "chunk-2Z5ZQZYJ": {
      "file": "chunk-2Z5ZQZYJ.js"
    },
    "chunk-TDNZP2VV": {
      "file": "chunk-TDNZP2VV.js"
    },
    "chunk-PFDI75BA": {
      "file": "chunk-PFDI75BA.js"
    },
    "chunk-SIMMHKDF": {
      "file": "chunk-SIMMHKDF.js"
    },
    "chunk-OFGCHDKC": {
      "file": "chunk-OFGCHDKC.js"
    },
    "chunk-7PCCUSFX": {
      "file": "chunk-7PCCUSFX.js"
    },
    "chunk-2PTNBKCR": {
      "file": "chunk-2PTNBKCR.js"
    },
    "chunk-ZXBGXINN": {
      "file": "chunk-ZXBGXINN.js"
    },
    "chunk-44MLNLXX": {
      "file": "chunk-44MLNLXX.js"
    },
    "chunk-CGE52V55": {
      "file": "chunk-CGE52V55.js"
    },
    "chunk-HQIH24CM": {
      "file": "chunk-HQIH24CM.js"
    },
    "chunk-7UJZXIJQ": {
      "file": "chunk-7UJZXIJQ.js"
    },
    "chunk-46HAYV32": {
      "file": "chunk-46HAYV32.js"
    },
    "chunk-A7PUCA7P": {
      "file": "chunk-A7PUCA7P.js"
    },
    "chunk-VKXVU6GJ": {
      "file": "chunk-VKXVU6GJ.js"
    },
    "chunk-4SXL6OZJ": {
      "file": "chunk-4SXL6OZJ.js"
    },
    "chunk-FXK7V22Z": {
      "file": "chunk-FXK7V22Z.js"
    },
    "chunk-7RU2CHUI": {
      "file": "chunk-7RU2CHUI.js"
    },
    "chunk-IHPBTLLR": {
      "file": "chunk-IHPBTLLR.js"
    },
    "chunk-GWPZN5JL": {
      "file": "chunk-GWPZN5JL.js"
    },
    "chunk-RSS3ODKE": {
      "file": "chunk-RSS3ODKE.js"
    },
    "chunk-WDMUDEB6": {
      "file": "chunk-WDMUDEB6.js"
    }
  }
}